{
  "רחובות__דוד_רמז__69": "{\"lat\":31.8951061,\"lng\":34.8044825}",
  "קרית_מוצקין__החשמונאים__75": "{\"lat\":32.8440668,\"lng\":35.0802042}",
  "עפולה": "{\"lat\":32.610493,\"lng\":35.287922}",
  "טבריה": "{\"lat\":32.795859,\"lng\":35.530973}",
  "אשדוד": "{\"lat\":31.804381,\"lng\":34.655314}",
  "חולון__הרוקמים__1": "{\"lat\":32.0108836,\"lng\":34.7967928}"
}